fold,is_bars,oos_bars,best_seq_len,best_threshold,is_sharpe,oos_sharpe,wfo_efficiency
1,71,71,10,0.55,31.86611846736285,0.0,0.0
2,142,71,10,0.55,21.367586847136895,0.053722782309959895,0.002514218507301593
3,213,71,10,0.55,13.500908769752355,1.751758182665271,0.1297511310098018
